{"transfers":{"max":26,"limits":{"minimum":1,"maximum":9},"landAmount":92597},"price_difference":{"max":3163.8204828056996,"limits":{"minimum":-0.27836588029516496,"maximum":113.06947004768539},"landAmount":92597},"listed_lands":{"max":35.688953461760576,"limits":{"minimum":0.7276998405522205,"maximum":35.68889938704112},"landAmount":92597},"basic":{"max":0,"limits":{"minimum":1.7976931348623157e+308,"maximum":null},"landAmount":92597},"eth_predicted_price":{"max":35.688953461760576,"limits":{"minimum":0.7276998405522205,"maximum":35.68889938704112},"landAmount":92597},"floor_adjusted_predicted_price":{"max":35.688953461760576,"limits":{"minimum":1.329,"maximum":35.68889938704112},"landAmount":92597},"last_month_sells":{"max":7.068019099914986,"limits":{"minimum":1.7976931348623157e+308,"maximum":null},"landAmount":92597}}