{"transfers":{"max":13,"limits":{"minimum":1,"maximum":9},"landAmount":110814},"price_difference":{"max":79.18280609751581,"limits":{"minimum":-0.20909332502497213,"maximum":5.1228251955003214},"landAmount":110814},"listed_lands":{"max":11.364402872788979,"limits":{"minimum":0.4654480003067549,"maximum":9.433296461900314},"landAmount":110814},"basic":{"max":0,"limits":{"minimum":1.7976931348623157e+308,"maximum":null},"landAmount":110814},"eth_predicted_price":{"max":11.364402872788979,"limits":{"minimum":0.4654480003067549,"maximum":9.433296461900314},"landAmount":110814},"floor_adjusted_predicted_price":{"max":11.364402872788979,"limits":{"minimum":0.888,"maximum":9.433296461900314},"landAmount":110814},"last_month_sells":{"max":10.6,"limits":{"minimum":0.8799999,"maximum":1.319999},"landAmount":110814}}