{"transfers":{"max":10,"limits":{"minimum":1,"maximum":6},"landAmount":5000},"price_difference":{"max":277.73467900185426,"limits":{"minimum":1.7976931348623157e+308,"maximum":null},"landAmount":5000},"listed_lands":{"max":10.915337815549439,"limits":{"minimum":0.09227850947279503,"maximum":10.915337815549439},"landAmount":5000},"basic":{"max":0,"limits":{"minimum":1.7976931348623157e+308,"maximum":null},"landAmount":5000},"eth_predicted_price":{"max":10.915337815549439,"limits":{"minimum":0.09227850947279503,"maximum":10.915337815549439},"landAmount":5000},"floor_adjusted_predicted_price":{"max":10.915337815549439,"limits":{"minimum":0.187658,"maximum":10.915337815549439},"landAmount":5000},"last_month_sells":{"max":1.5,"limits":{"minimum":1.7976931348623157e+308,"maximum":null},"landAmount":5000}}